{
    "data":
    [
        {
            "ingredient_id" : "1",
            "name" : "Chicken",
            "quantity" : "2",

                   },

        {
            "ingredient_id" : "2",
            "name" : "Beef",
            "quantity" : "2",

        },
        {
            "ingredient_id" : "3",
            "name" : "Rice",
            "quantity" : "1",
        },

{
            "ingredient_id" : "4",
            "name" : "Onions",
            "quantity" : "2",

                   },

{
            "ingredient_id" : "5",
            "name" : "Eggs",
            "quantity" : "4",
                    }

    ]


}